playlist_id,track_id
p_1,t_4
p_2,t_19
p_3,t_10
p_4,t_29
p_5,t_28
p_6,t_14
p_7,t_2
p_8,t_7
p_9,t_1
p_10,t_17
p_11,t_23
p_12,t_3
p_13,t_30
p_14,t_13
p_15,t_27
p_16,t_5
p_17,t_21
p_18,t_8
p_19,t_12
p_20,t_16
p_21,t_15
p_22,t_11
p_23,t_24
p_24,t_18
p_25,t_9
p_26,t_25
p_27,t_6
p_28,t_20
p_29,t_26
p_30,t_22
p_1,t_2
p_2,t_13
p_3,t_11
p_4,t_27
p_5,t_24
p_6,t_1
p_7,t_25
p_8,t_26
p_9,t_15
p_10,t_20
p_11,t_10
p_12,t_19
p_13,t_3
p_14,t_9
p_15,t_21
p_16,t_12
p_17,t_5
p_18,t_6
p_19,t_14
p_20,t_8
p_21,t_29
p_22,t_28
p_23,t_16
p_24,t_22
p_25,t_18
p_26,t_7
p_27,t_4
p_28,t_23
p_29,t_30
p_30,t_17